<application>
  <component name="ProjectJdkTable">
    <jdk version="2">
      <name value="Python 3.7 (coolpano-api)" />
      <type value="Python SDK" />
      <version value="Python 3.7.3" />
      <homePath value="/Volumes/Dev/Code/coolpano-api/venv/bin/python" />
      <roots>
        <classPath>
          <root type="composite">
            <root url="file:///Volumes/Dev/Code/coolpano-api/venv/lib/python3.7" type="simple" />
            <root url="file:///Volumes/Dev/Code/coolpano-api/venv/lib/python3.7/lib-dynload" type="simple" />
            <root url="file:///usr/local/Cellar/python/3.7.3/Frameworks/Python.framework/Versions/3.7/lib/python3.7" type="simple" />
            <root url="file:///Volumes/Dev/Code/coolpano-api/venv/lib/python3.7/site-packages" type="simple" />
            <root url="file://$USER_HOME$/Library/Caches/PyCharm2019.1/python_stubs/1735435000" type="simple" />
            <root url="file://$APPLICATION_HOME_DIR$/helpers/python-skeletons" type="simple" />
            <root url="file://$APPLICATION_HOME_DIR$/helpers/typeshed/stdlib/3" type="simple" />
            <root url="file://$APPLICATION_HOME_DIR$/helpers/typeshed/stdlib/2and3" type="simple" />
            <root url="file://$APPLICATION_HOME_DIR$/helpers/typeshed/third_party/3" type="simple" />
            <root url="file://$APPLICATION_HOME_DIR$/helpers/typeshed/third_party/2and3" type="simple" />
          </root>
        </classPath>
        <sourcePath>
          <root type="composite" />
        </sourcePath>
      </roots>
      <additional ASSOCIATED_PROJECT_PATH="/Volumes/Dev/Code/coolpano-api" />
    </jdk>
  </component>
</application>