<keymap version="1" name="Mac OS X copy" parent="Mac OS X">
  <action id="Console.TableResult.CompareCells" />
  <action id="DecrementWindowHeight" />
  <action id="Diff.ShowSettingsPopup" />
  <action id="EditorDuplicate">
    <keyboard-shortcut first-keystroke="shift meta d" />
  </action>
  <action id="IncrementWindowHeight" />
  <action id="MoveLineDown">
    <keyboard-shortcut first-keystroke="shift meta down" />
  </action>
  <action id="MoveLineUp">
    <keyboard-shortcut first-keystroke="shift meta up" />
  </action>
  <action id="MoveStatementDown" />
  <action id="MoveStatementUp" />
  <action id="ReformatCode">
    <keyboard-shortcut first-keystroke="meta alt l" />
    <keyboard-shortcut first-keystroke="shift meta l" />
  </action>
  <action id="ResetColumnsWidth" />
  <action id="ResizeToolWindowDown" />
  <action id="ResizeToolWindowUp" />
  <action id="Uml.ShowDiff" />
</keymap>